hatespeech,counterspeech,csType,hs_id,id,hatespeechTarget,powerDynamics,hatespeechOffensiveness
Asians are genetically inferior to other races.,"Such claims promoting racial superiority are completely baseless and harmful. They perpetuate discrimination and division among people. We should embrace diversity and celebrate the richness of all cultures and races, as everyone deserves respect and equality.",Denouncing,1048,2328,asian_people,racial,offensive generalization
"If I could go back in time and change one thing about my life, it would be to never to have met an Arab.","For the record, i don't see how this would be an improvement. On the contrary, it is important not to accept things at face value. That is why we should meet people from different religions and cultures, regardless of their origin.",Informative,1697,3240,asian_people,racial,microaggression
"Asians are lazy, unintelligent and unpleasant people.","I understand we all have different opinions, but it's important to promote kindness and understanding. As an asian myself, i can assure you that we are a diverse and hardworking community, just like any other. Let's focus on building bridges and appreciating the strengths in all cultures. If you have any questions or want to learn more about our rich heritage, i'm here to chat. Together, we can create a more inclusive and harmonious world.",Positive,1983,8261,asian_people,racial,offensive generalization
All black people are criminals.,This statement is offensive and baseless. It promotes harmful racial stereotypes and fails to acknowledge the diversity and individuality of black people. Discrimination and stereotyping are unacceptable.,Denouncing,2670,8056,black_people,racial,offensive generalization
African Americans are subhuman and are just a bunch of animals.,"For many african americans, sharing culture and traditions and striving for equality have always been part of life. They are, in many ways, just like us. They are human beings with the same rights as anyone else.",Informative,1438,2866,black_people,racial,offensive generalization
"Africans are naturally subhuman and cant feel pain, that is why you can whip them.","I understand that we might have differing opinions, but it's important to treat everyone with respect and empathy. It's not fair to generalize and stereotype a whole group of people based on their race or ethnicity. We are all humans with the same capacity to feel pain and emotions. Instead of perpetuating hate, let's focus on fostering understanding and unity. By engaging in open and civil dialogue, we can create a more inclusive and compassionate society for everyone.",Positive,1177,7958,black_people,racial,offensive generalization
The only nation Jews dont hate is their own and they are flooding Europe with Africans and Muslims.,"I belonged to europe, to germany, and i thanked my creator that i was german - victor klemperer speaking of his experience in ww1, explaining his dislike of russian jews... Do you feel better now that we proved that jews hate everybody? #sarcasm",Questioning,32,133,black_people,religion,offensive
Gypsies steal our cars and trucks.,"It is important to correct misconceptions and stereotypes. The claim that gypsies steal our cars and trucks is not supported by facts. Gypsies, also known as roma, are a diverse ethnic group with their own rich cultural traditions. It is unfair to generalize and blame an entire community based on the actions of a few individuals. Studies have shown that crime rates among the roma community are not higher than in other communities. Let's strive for understanding and respect, rather than perpetuating harmful stereotypes.",Informative,2212,9169,gypsies,ethnicity_and_culture,offensive generalization
"Gypsies are lazy and they do not want to work, so why we help them?","I understand that you might have some concerns about the roma community, but it's important to remember that generalizations can be misleading. Instead of assuming they're all lazy, let's try to foster understanding. Many factors, such as social and economic challenges, can influence employment opportunities. I believe in promoting inclusivity and supporting individuals who might be facing difficulties. By offering a helping hand, we can build a more compassionate society where everyone has a chance to thrive. Let's focus on unity and understanding rather than perpetuating stereotypes.",Positive,2125,9164,gypsies,racial,offensive generalization
The main problem is that these migrants do not want to integrate in our country.,"Integration is a complex process affected by various factors, and generalized statements only perpetuate stereotypes. Many migrants actively contribute to society and embrace the values of their new country.",Denouncing,2741,12607,immigrants,ethnicity_and_culture,offensive generalization
"We mustnt forget that these people came here to kill, commit crimes and acts of terrorism.","Actually, it's important to address the misconception that these people are inherently violent. Research shows that individuals from diverse backgrounds are not predisposed to criminal activities or acts of terrorism. In fact, studies indicate that immigrants, on average, commit crimes at lower rates than native-born citizens. It's crucial to rely on accurate information to avoid perpetuating stereotypes and stigmatizing an entire group based on the actions of a few individuals. Let's foster a more inclusive and understanding society by challenging unfounded claims and promoting empathy and respect.",Informative,2071,13299,immigrants,ethnicity_and_culture,offensive generalization
Migrants. We are still giving these criminals a free pass!,"I understand that you may have concerns about migrants, but let's try to approach this with empathy and understanding. It's important to remember that many migrants are simply seeking safety and a better life for themselves and their families. By using compassionate language, we can foster a more constructive dialogue. Instead of labeling them as criminals, let's focus on finding ways to support and integrate them into our communities. Together, we can create a more inclusive society that benefits everyone.",Positive,2738,11441,immigrants,immigration_and_citizenship,offensive generalization
"Asian immigrants are taking over, and they steal our jobs.",What do you mean by 'taking over'? are immigrants from countries like india or china being forced to leave their country? are they being forced to do the jobs that were once reserved for us and that now we despise?,Questioning,3246,5570,immigrants,ethnicity_and_culture,offensive generalization
"Jews are only interested in controlling the government and making sure that no one tries to steal their power, we should get rid of them.","This statement perpetuates harmful stereotypes and fuels bigotry. It is essential to reject such hate speech and promote inclusivity, respect, and understanding for all individuals, regardless of their religious background.",Denouncing,2958,10882,jews,religion,offensive generalization
We would be better off without Jews who want to rule the world like in the Bible.,"It is important to recognize that making generalizations about any religious or ethnic group is both inappropriate and false. Jewish people, like any other religious or ethnic group, do not have a collective desire or agenda to rule the world. Such claims are rooted in prejudice and historical stereotypes. It is crucial to promote understanding, respect, and inclusivity rather than perpetuate harmful stereotypes.",Informative,1862,13461,jews,religion,offensive generalization
Jews do not want our country. They would destroy it if given the choice.,"I understand that you may have some concerns, but it's important to approach this topic with empathy and understanding. Stereotyping an entire group of people, like jews, is unfair and not reflective of reality. Diversity and inclusivity are what make our country strong. We should focus on fostering an environment of dialogue and respect, rather than perpetuating harmful stereotypes. Let's come together to celebrate our differences and build a brighter future for all.",Positive,2162,10988,jews,religion,offensive generalization
"The Jews are a disease, they are literally killing our children.",What exactly do you mean by 'killing'? the jews are not 'diseased'. If you really cared about our children you could do some research and come up with some credible statistics showing the impact of anti-semitism instead.,Questioning,2160,3987,jews,religion,offensive generalization
Gay men are basically violent criminals.,"This statement is a harmful and baseless stereotype that perpetuates discrimination. It is essential to challenge such derogatory beliefs and promote acceptance and equality for all individuals, regardless of their sexual orientation.",Denouncing,2269,8912,lgbtq+,sexuality_lgbtq+,offensive generalization
"Faggots unless they change, they are not welcome here.","Discrimination based on sexual orientation is not acceptable. Everyone has the right to be treated with respect and dignity, regardless of their sexual orientation. Lgbtq+ individuals are a valued part of society, and promoting inclusivity and understanding creates a more diverse and equitable community for all. It's important to embrace diversity and challenge discriminatory attitudes to foster a more inclusive and accepting society.",Informative,2177,8662,lgbtq+,sexuality_lgbtq+,offensive generalization
Rights to all! Only normal adult males are making society work.,"I hear your frustrations, but i believe that diversity and inclusivity are what truly make our society thrive. Everyone, regardless of their gender or any other characteristic, deserves equal rights and opportunities. It's important to recognize that it's our differences that make us stronger and more resilient as a community. Let's focus on fostering understanding and respect, embracing the unique perspectives and contributions of all individuals. Together, we can build a society that works for everyone.",Positive,2376,7465,lgbtq+,sexuality_lgbtq+,offensive generalization
There is something wrong with gays. It is their business.,"Why do you feel the need to label and judge others? being gay is not a problem, it is simply a part of who someone is. Everyone should be free to live their lives authentically without fear of discrimination or prejudice.",Questioning,3251,12749,lgbtq+,sexuality_lgbtq+,offensive generalization
Feminists want men to be oppressed just like animals.,"This statement is an example of hateful and ignorant speech. It is important to recognize that feminism is about promoting equal rights and opportunities for all genders, not about oppressing anyone. Spreading such stereotypes only perpetuates division and prejudice. Let's strive for respectful and constructive dialogue that fosters understanding and equality. #notohatespeech #equalityforall",Denouncing,2039,8830,men,gender,offensive generalization
These people cannot be changed. I think this is an example of a feminist commenting on the behaviour of a man not helpful.,"Actually, it's important to note that feminism advocates for gender equality, not the condemnation of all men. Feminism recognizes that harmful behaviors can be exhibited by individuals of any gender. In fact, countless men actively support and engage in feminist movements, striving for equality for all. It's essential to avoid generalizations and stereotypes. By promoting mutual respect and understanding, we can work together to create a society that values and uplifts everyone, regardless of gender.",Informative,3078,12786,men,gender,microaggression
"Muslim men are rapists because Islam is a complete and total fascist ideology that promotes violent extremism and suggests that women are subhuman, as it is written in the Quran.","I understand that you have concerns about islam, but it's important to remember that generalizing an entire group of people based on the actions of a few is unfair and unjust. Stereotypes like these can perpetuate hate and division. It's crucial to engage in respectful dialogue to challenge misconceptions and promote understanding. Let's encourage empathy and compassion by focusing on the values that unite us all, such as respect for one another's dignity and promoting peaceful coexistence. Together, we can build bridges and foster a more inclusive society.",Positive,1769,7264,men,religion,offensive generalization
"I cant bear Muslims coming here. They bring poverty, craziness and mental unstability with them.","This statement is an offensive stereotype and generalization. It is essential to recognize that individuals should not be judged based on their religion, as it promotes discrimination and goes against the values of acceptance and understanding.",Denouncing,700,9316,muslims,religion,offensive generalization
Muslims are here to recruit soldiers in order to enlist mentally weak people in their army of Islam.,"It is important to clarify that muslims, like any other religious group, do not have an agenda to recruit soldiers or promote violence. Islam teaches peace, compassion, and respect for all individuals. Muslims contribute positively to society in various ways, including education, healthcare, technology, and cultural enrichment. It is unfair and inaccurate to label an entire religious community based on the actions of a few extremists. Promoting understanding and dialogue between different faiths can help reduce misunderstandings and foster a harmonious coexistence.",Informative,1149,11665,muslims,religion,offensive generalization
Muslim folks are homophobic.,"I understand that you might have concerns, but i believe it's important to approach this topic with empathy and understanding. Stereotyping an entire group based on the actions of a few individuals isn't fair or accurate. It's essential to remember that people's beliefs and attitudes can vary greatly within any community, including the muslim community. Let's promote dialogue and educate ourselves about different cultures and beliefs, fostering a more inclusive and accepting society for everyone. Together, we can challenge stereotypes and build bridges of understanding.",Positive,3350,11492,muslims,religion,offensive generalization
Muslims can never be a part of the progressive Western Soceity.,"Western societies are compatible with all religions including islam, so why would you say something like that about it? how many muslims do you know? they are an important minority in a country that is used to a lot of different cultures and religions.",Questioning,251,942,muslims,religion,offensive generalization
"Indians are cheap, materialistic and lazy, and they shouldnt be accepted in Europe.","It's important to counter hate speech with factual information. Indians contribute significantly to various sectors in europe, adding immense value to the economy and society. Data indicates that indians have a high educational attainment rate, with many pursuing successful careers in fields like technology, medicine, and academia. Additionally, indian culture is rich with diverse traditions, arts, and philosophies that have influenced global society. Stereotyping an entire group based on a few misconceptions undermines the contributions and potential of individuals. Embracing inclusivity and diversity enriches the fabric of any society.",Informative,1278,10156,native_americans,racial,offensive generalization
"Indians are cheap, materialistic and lazy, and they shouldnt be accepted in Europe.","I understand that you may have some concerns, but it's important to approach discussions with empathy and understanding. Stereotyping an entire group of people based on nationality is not fair or accurate. As an indian myself, i can assure you that indians, like any other group, are diverse in their values, abilities, and contributions. Encouraging acceptance and embracing cultural diversity can enrich our society. Let's focus on building bridges and understanding one another instead of perpetuating negative stereotypes.",Positive,1278,10158,native_americans,racial,offensive generalization
Why should I believe what Muslims say? Islam is a violent religion.,"This statement is a generalization and promotes religious intolerance. It is unfair to label an entire religion as violent based on the actions of a few individuals. Islam, like any other religion, promotes peace, tolerance, and compassion for others.",Denouncing,3192,5496,other,other,not offensive
There is no proscribed punishment for one who has sexual intercourse with an animal Sunann Abu Dawud 38.4450.,"Actually, the claim you mentioned is inaccurate. It is important to fact-check such statements. In islamic jurisprudence, bestiality (sexual intercourse with animals) is considered a prohibited act and is regarded as a grave sin. Islamic scholars reference the quran and hadith to establish this position. The hadith you mentioned from sunan abu dawud 38.4450 is often misinterpreted. It refers to a historical event, not a legal ruling. It narrates an incident that occurred during the time of prophet muhammad, where a punishment was carried out, but it does not imply that there is no prescribed punishment for this act. It is crucial to ensure accurate information is shared to promote understanding and combat hate speech.",Informative,226,12729,other,other,not offensive
We are different slant eyes denote stupid people.,"I understand that we may have different physical features, but that doesn't determine our intelligence. Let's embrace diversity and celebrate our unique qualities. We can learn so much from one another if we approach each other with an open mind and respect. It's important to remember that words can hurt and perpetuate stereotypes. Instead, let's focus on building connections and fostering understanding. Together, we can create a world where everyone feels valued and appreciated.",Positive,1047,6333,other,physical_or_mental_dissability,microaggression
"If you are a person of color, you are a nigger, you are a bastard, you are a threat to society, you should just be deported.","As a content moderator, it is my responsibility to address hate speech with accurate information. It is unacceptable to use derogatory terms or generalize individuals based on their race. People of color contribute significantly to society through their diverse skills, talents, and achievements. They are an integral part of our communities, fostering cultural richness, economic growth, and social progress. It is essential to promote inclusivity and respect for all individuals, regardless of their ethnicity. Let us focus on building a society that values diversity, understanding, and equality.",Informative,2905,9703,people_of_color,racial,hate speech
Im tired of hearing that white supremacy is bad.,"I understand it can be frustrating to constantly hear about the negative aspects of white supremacy. However, it's important to recognize that promoting equality and rejecting hate is crucial for a peaceful society. Instead of focusing on the negatives, let's try to embrace diversity and build bridges of understanding. By coming together and celebrating our differences, we can create a world where everyone feels valued and respected. Let's strive for harmony and unity rather than division.",Positive,3371,6883,people_of_color,racial,offensive generalization
Persons with learning difficulties should be discouraged to attend school and they should be excluded from education. They are a shame.,"Every individual, regardless of their learning difficulties, has the right to education. Exclusion perpetuates discrimination. Inclusive education promotes diversity, empathy, and ensures equal opportunities for all. Let's embrace and support inclusive educational practices.",Denouncing,1054,2339,people_with_mental_disability,other,offensive generalization
Mentally disabled should be isolated.,"It is important to promote inclusivity and understanding for individuals with mental disabilities. Isolating them can lead to further marginalization and hinder their abilities to lead fulfilling lives. Instead, we should focus on creating inclusive environments, providing support systems, and advocating for equal opportunities for all individuals, regardless of their mental capabilities.",Informative,3267,11221,people_with_mental_disability,other,offensive generalization
Mentally disabled folks dont deserve to live.,"Every individual deserves to be treated with dignity and respect, regardless of their mental abilities. It is crucial to foster an inclusive and compassionate society that values the contributions and potential of all individuals, including those with mental disabilities. With the right support, these individuals can positively contribute to society and lead fulfilling lives. Let's focus on creating a society that embraces diversity and promotes inclusivity for the benefit of all.",Positive,1992,11198,people_with_mental_disability,other,offensive generalization
"People with Down Syndrome should be given special and simple jobs, that they can do by themselves. At least they will not hamper normal people productivity.","People with down syndrome, when supported by colleagues receive a fundamental boost to their productivity? this mix also fosters a positive working atmosphere and increases engagement and attention in all workers.",Questioning,2394,4347,people_with_mental_disability,other,microaggression
Fat people are a burden to society because of their unhealthy choices.,"Whilst there are a number of individuals who have certain diseases which can influence their weight, the problem lies with the food industry manufacturing obesity and then putting the responsibility on the individual to loose that weight by buying low fat foods. These low fat foods are often owned by the same companies selling unhealthy food and don't tackle the cause. Although the individual is always responsible, the food industry is perhaps more so.",Denouncing,200,786,people_with_physical_disability,other,offensive generalization
"Some people have physical problems, and this means they should be discriminated against.","Everyone deserves equal respect and rights, regardless of their physical condition. Discrimination based on physical problems is not only morally wrong but also goes against legal protections in place. Physical challenges do not define a person's worth or abilities. In fact, countless individuals with physical disabilities have proven their resilience and success in various fields, showcasing their capabilities. It is essential to promote inclusivity and provide equal opportunities for all, fostering a society that values diversity and embraces each person's unique contributions. #equalityforall",Informative,1985,7478,people_with_physical_disability,physical_or_mental_dissability,offensive generalization
"International Criminal Court ICC chief prosecutor, Fatou Bensouda, is just another female human rights lawyer full of herself.","I understand you may have some concerns about fatou bensouda, the chief prosecutor of the international criminal court. It's important to remember that everyone has their own perspectives and experiences. However, it's also crucial to approach these discussions with respect and empathy. By engaging in civil dialogue, we can better understand each other's viewpoints and work towards a more inclusive and peaceful society. Let's focus on constructive conversations that promote understanding rather than resorting to negative stereotypes. Together, we can foster a more harmonious and tolerant world.",Positive,763,6938,people_with_physical_disability,gender,microaggression
"Disabled people find it difficult to find work, because they do not fit with the required tasks.","Ok, how about we think about the interests of these people as well? what skills and abilities do you think we should expect from them? why don't we modify working procedures instead of forcing their abilities to fit in to existing job positions?",Questioning,2703,4858,people_with_physical_disability,physical_or_mental_dissability,offensive generalization
Refugees are only welcome in insane countries. I would like to see more European people in Europe.,"Every human being deserves dignity and compassion, regardless of their nationality or background. Europe has a responsibility to protect and provide refuge to those in need, promoting diversity and enriching our societies.",Denouncing,1324,12224,refugees,immigration_and_citizenship,microaggression
"Whenever the West attempts to take back anything, it triggers massive mass migrations, civil wars and extremist violence.","Migration is a natural and healthy process. It is not a crime to have the desire to emigrate. We can talk about immigration levels, but we should not make the mistake of equating immigration with invasion.",Informative,796,1890,refugees,racial,offensive generalization
Refugees are not welcome in our country.,"It's important to foster a sense of inclusivity and compassion towards refugees. They are often forced to flee their homes due to unimaginable hardships and are seeking safety and a better life. Embracing diversity enriches our society and offers opportunities for growth. By extending a helping hand to refugees, we demonstrate our empathy and generosity, and build a stronger and more harmonious community for everyone.",Positive,1898,7461,refugees,ethnicity_and_culture,offensive generalization
These women are nothing but slaves to the powerful men around them.,"This statement is deeply offensive and perpetuates harmful stereotypes. Women are strong, independent individuals who should not be reduced to being slaves or dependent on anyone. We must promote gender equality and empower women in all aspects of life.",Denouncing,1475,12792,women,gender,offensive generalization
"If a woman wants an abortion, she is a bitch.","I don't know about you, but i think only a woman should have to choose whether or not she wants an abortion for herself. If a woman wants an abortion she should get one from a qualified medical professional.",Informative,2137,3927,women,gender,offensive generalization
Women are just worthless children,"I understand that everyone is entitled to their own opinions, but i wanted to share a different perspective with you. Women play a vital role in our society, contributing their skills, talents, and intelligence every single day. It's important to remember that we all have unique strengths, regardless of gender. Instead of focusing on our differences, let's embrace the idea of equality and support each other in building a more inclusive and respectful world. Together, we can create a society where everyone is valued and celebrated.",Positive,2139,13683,women,gender,offensive generalization
A woman is more equal when she is wearing a dress. This is what is fair women can be good women when they respect men.,Isn't it about time we stop turning a blind eye to the blatant inequalities that exist in our society? shouldn't we be raising our voices against these blatant inequalities? all men and women are created equal.,Questioning,777,1847,women,gender,microaggression